impact,response_0,response_1
7.296519088611197e-05,-0.28362146991835474,-0.0890402454560304
0.0006827149409538804,0.003999885639136893,0.009873604032164304
0.005055503335557256,0.1174551573666844,0.14431481663116144
0.02963513788699441,-0.4348348759551374,-0.3705670091537528
0.13758729340611292,-0.02669449203199037,0.08759619165274235
0.506328369682456,0.7638663859596369,0.19711027349434246
1.4789470612591828,1.4914904406038412,-0.03348732969142601
3.436509356004184,2.7361078152126854,0.713728067155635
6.377020675542357,4.714860703258988,1.5420483597081565
9.517010400006727,5.976644008266817,2.8546029796752115
11.574207972755943,5.387103019847786,4.743330661341582
11.764275885780606,2.1144153112657555,5.537619964466415
10.466145864147911,-2.9355628712568507,6.354426942291175
8.736841702824995,-7.599191461892331,4.688258776798814
7.295819927327555,-10.617828536316965,1.734663101888098
6.128942137734744,-11.38296289289618,-3.253883902900647
4.9055865119049615,-10.464271675486309,-8.53734621452913
3.514423607937965,-8.634305470843366,-13.62983344373189
2.163261893592779,-4.75146888383769,-17.226187090000987
1.1204332992302415,-0.3951405164793707,-18.259235348365543
0.48387238405943755,4.018633780064218,-16.570162982722884
0.17376092641202137,7.666868871331286,-11.744325643428706
0.051937108236968246,10.557201873750566,-4.404722484458229
0.012966916450677556,11.524026936148609,4.393892944736199
0.002718821124389415,10.390441263101073,13.248348289512338
0.00048197573217454326,7.957741845705405,20.89208724019591
7.275898514550853e-05,4.765793149540599,26.052780374933274
9.414347312454927e-06,0.7361609901592234,26.784987831465795
1.0489499876831592e-06,-3.173255797384205,23.96911833184872
1.0084488035265467e-07,-5.968509544121903,17.86770232384748
8.360103351621576e-09,-7.450561615778183,8.149542824424797
5.96098105020123e-10,-8.190127227903295,-2.870603332699316
3.643183975144653e-11,-7.4323975107870695,-12.962986458553068
1.902058159082327e-12,-5.308286176916165,-21.90926502241813
8.458880183790265e-14,-3.2368005015526733,-27.3848697234942
3.1976871009021147e-15,-0.2588752292981251,-28.654639149901076
1.0260704094809562e-16,2.1264436498688157,-25.795002290124724
2.7922277538255617e-18,3.773504047167957,-19.28607746093541
6.440665271447528e-20,4.682058050459691,-9.834367429279768
1.2589010990679413e-21,5.400743333919476,0.8154322695588011
2.0848166019640336e-23,4.6068663850305,10.710742896444948
2.9250061914754263e-25,3.5310354083205717,18.774046126855076
3.476585686112738e-27,1.6957683027747958,24.706892689105985
3.50057445292206e-29,0.024680382414348,25.312516117270196
2.985952736698663e-31,-1.2324926058962882,23.519262230453172
2.1576576359673063e-33,-2.162216395588217,17.628386070624043
1.320801797755936e-35,-2.512749448610863,10.200254884431365
6.849330114347526e-38,-2.973082867128588,1.3483549668687875
3.008941956977499e-40,-2.153002397204151,-7.317358712096466
1.1197853079232778e-42,-1.7051043952264124,-14.06233959154307
3.530294657841364e-45,-1.1514864914386123,-19.16281408625918
9.428495090529012e-48,0.040872826041950944,-20.748145624945476
2.1331875269690857e-50,-0.045747127215207184,-19.406379935856098
4.0885651683466904e-53,1.1014031885908708,-15.114949597185472
6.638470743399429e-56,1.0569878677356814,-9.486872121540333
9.131043234511875e-59,0.8827945493577903,-2.815964350068802
1.0639665759342558e-61,0.7696082089890907,3.819274237408636
1.0502454367041218e-64,0.8424333140791219,9.476729316978764
8.782311838515341e-68,0.5352811962559423,13.172485627743509
6.221314218373098e-71,-0.1582289583216744,15.059304636095549
3.733452686663223e-74,-0.27225505778283,14.356375466883161
1.8979920962869825e-77,0.1386471729094866,12.104501425169678
8.173976401375081e-81,-0.40477921112641185,7.851881854942746
2.982137004879509e-84,0.2022657380474516,3.5544235368722226
9.216733635747157e-88,0.08276746947768471,-0.9015102608720703
2.4131355270920085e-91,-0.10564120369570856,-5.093409734531266
5.3523144804764816e-95,-0.11633387954651436,-7.7768017155725095
1.0056729401155214e-98,-0.23264458690123715,-9.875389426557177
1.6007633730470894e-102,-0.7304068520260133,-9.376650301812816
2.1585034398256212e-106,-0.7557178347298316,-8.644819087835875
2.4656622375508024e-110,-0.9232091906751302,-6.527917154614834
2.3859956906813925e-114,-1.1504946573207346,-3.6333276460935386
1.9559644557434208e-118,-0.3672605484890902,-0.9583535607266189
1.3583368859768094e-122,-0.7580737209585396,1.6008545731066834
7.991149624664674e-127,-0.33671025609755706,3.4063321033376583
3.982596088722e-131,-0.27590050885529815,4.938825525452491
1.681428853737502e-135,0.6277181936960499,5.508896062516283
6.013758184247737e-140,0.6670804336175774,5.29850156229567
1.822085107495566e-144,1.066214941011699,4.802667410123931
4.676776205427004e-149,1.1653542977322668,3.4321229170623644
1.0169035200453108e-153,0.7551734915090501,2.520482115055151
1.873130973442804e-158,0.907941442563123,0.6657821875812702
2.922885294125049e-163,0.3598070598055331,-0.7618587338540251
3.8637643542125347e-168,0.07676832953728342,-1.763089676672871
4.326779099332452e-173,0.039006902071068494,-2.665177340648915
4.104630303992305e-178,-0.8673812860800529,-2.788167917530388
3.298667970130433e-183,-1.2526897547368143,-3.0348484331161663
2.24573440348524e-188,-1.2341857049876879,-3.074145572638056
1.295189793123774e-193,-1.3685006989939983,-2.6275555240598214
6.327959146099211e-199,-1.0191311518419552,-1.6022114737255868
2.619082341171655e-204,-0.25637530511388756,-1.559431472878866
9.183111774951399e-210,0.1751735777721248,-0.6783683784585582
2.727632276868199e-215,0.328790212194693,0.5681714718545166
6.863363546846533e-221,1.0603958555640691,0.891448142027512
1.4629969437541686e-226,0.7945261874690052,1.5768277879405919
2.641831208980802e-232,0.7822401088025239,2.466134241288192
4.0413079594011075e-238,0.7529428800074457,2.742189094375966
5.23713848917451e-244,0.5248189269435208,2.6009403257492276
5.749385150330128e-250,0.9178040122368133,2.4900512330475597
5.346923613956589e-256,-0.023236685613214597,1.9866794157128382
4.212518188618619e-262,0.27623747244772767,0.9358989753465755
2.811478913898082e-268,-0.37568048044614494,0.8692082478450579
1.589582615960959e-274,-0.9583657341772875,-0.7866446964282987
7.613539598471247e-281,-0.5789363735968416,-1.4595899579383305
3.0891951868098825e-287,-0.6940022047893913,-1.7804403412461054
1.0618405846017522e-293,-0.6281870283016905,-2.3855935828729145
3.091921960106314e-300,-0.44967731063549593,-2.73872845288362
7.62698618090552e-307,-0.5499458211943435,-2.6008690369307463
1.59379561467e-313,-0.11332413532206383,-2.01943190339987
2.8216e-320,0.5381771897396244,-1.2768885119553723
0.0,0.6945267110911186,0.15752028038158983
0.0,0.8173684196259261,0.7209992203334463
0.0,0.5953500567333248,1.858562389457145
0.0,0.7167169194023163,1.8848242850439156
0.0,0.6149017495509219,2.377796461232855
0.0,0.360661755555733,2.571849836603577
0.0,-0.12779909351404542,1.9960442638587519
0.0,0.1929486816903733,1.4313940919176007
0.0,-0.4517905703176861,1.1336620586179844
0.0,-0.4581648792071875,-0.16712354901941953
0.0,-0.45922800255831914,-0.876035937813691
0.0,-0.28647632927517763,-1.387476134396234
0.0,-0.6325056935887858,-1.9145988175009998
0.0,-0.19345191919524854,-2.095958405272317
0.0,0.14556855292158558,-1.9022574974160003
0.0,0.3997868630732554,-1.6327211486212418
0.0,0.00031626204082627063,-0.8918141584176749
0.0,-0.1834386255101256,-0.05222774152583881
0.0,-0.05737996152183972,0.6380185174481745
0.0,0.2720644672723631,0.7122014266082286
0.0,0.07128510514200076,1.10177473619925
0.0,0.02311465609167876,1.6088283528782603
0.0,-0.20834077400624096,1.7186891658912633
0.0,-0.16227437874978268,1.5560798368196775
0.0,0.07161772709979203,1.042581114086721
0.0,-0.0743821968793339,0.5073671856099005
0.0,0.2156821413321257,0.020138796376985575
0.0,-0.0283080042174777,-0.6217488112834799
0.0,-0.3223664349535991,-0.876506602893704
0.0,0.38041485909891837,-1.1868212802008877
0.0,-0.19646641706280338,-1.3260017955538201
0.0,-0.24885888345360616,-1.3119788449862124
0.0,0.004670656423509736,-0.9953877484850749
0.0,-0.00643330259813394,-0.817492144664757
0.0,-0.09339487943946068,-0.3946015261950018
0.0,0.003237148408881634,0.13122807830437955
0.0,0.07668521461686259,0.3289617074433549
0.0,0.18456724827599874,0.7186017923431728
0.0,0.0984481888609407,0.9703203137474155
0.0,0.15470370741229736,0.9985143384918883
0.0,0.03535728868114174,0.9769779752138109
0.0,0.27805686624118864,0.9159151656813307
0.0,0.08307765621049026,0.3488187276667534
0.0,0.04757173053364196,0.053661675752383564
0.0,0.3212422633291042,-0.10857221378221844
0.0,-0.2920596718396512,-0.3062703706594617
0.0,-0.1921424449545518,-0.18766429496061204
0.0,-0.5239027782499298,-0.4642337651502735
0.0,-0.35143898715485145,-0.6998068110467712
0.0,-0.27181844505661434,-0.5301434314197091
0.0,0.17795568157134017,-0.19162632626339793
0.0,0.18566994964368858,-0.19550143098153588
0.0,-0.3722927900242494,-0.04115775666448984
0.0,-0.2245104090772834,0.0410163224929076
0.0,0.1636620435399806,0.2821311051250228
0.0,-0.33829144974225156,0.17863987481888147
0.0,0.41570261552991694,0.27284571773473854
0.0,0.056052927277931514,0.6898089506705611
0.0,0.12069236988157608,0.4391699001194336
0.0,0.10266330292982377,0.3053759406832834
0.0,-0.032696425030457214,0.44469443561667
0.0,0.055738295454691174,-0.29342023046049615
0.0,0.022327849659863307,0.0043444686821647385
0.0,-0.05754367380061449,-0.018530452701778388
0.0,-0.2407859780599217,-0.18667973782607827
0.0,0.19786457535864704,-0.28718073578128867
0.0,-0.24133705282068998,-0.32410503424011106
0.0,0.16984880516796153,-0.4872453448173512
0.0,-0.12302922316730164,-0.18091375511156926
0.0,-0.2499819595615902,0.1099283644538318
0.0,-0.19423036591687876,-0.15220200353017252
0.0,0.021320686664574973,0.16590966655855144
0.0,0.32285371477821423,0.08386099936309234
0.0,0.1543355952854044,0.44129732512808095
0.0,-0.211466722403831,-0.13241016754826807
0.0,0.04212524659235694,-0.0048948970212381315
0.0,0.19556509058051136,0.06442944951252944
0.0,-0.35272363916414473,0.3065005927113561
0.0,-0.27404832059302475,0.3714218821268753
0.0,-0.11723528992956903,-0.033551393366325566
0.0,-0.17543316752123211,0.13424101385506793
0.0,-0.47967863232378416,-0.14537907988877885
0.0,-0.2285596343342263,-0.4684599361237909
0.0,-0.2044398055457111,-0.3078654005950137
0.0,-0.1160864049746223,-0.062173000008705515
0.0,0.538480906299834,-0.2748731810099972
0.0,0.21519574678069864,-0.13230828328225142
0.0,-0.10420956171156198,-0.11444250033586781
0.0,-0.1029098198539592,-0.1524746523144325
0.0,0.1773935028028633,-0.04365299374360818
0.0,0.008536707164743005,0.4713296060523027
0.0,0.03309351673295134,0.19320310439271346
0.0,0.057844538090944704,0.6711987554251169
0.0,-0.0932095700890811,-0.03755164249413645
0.0,0.16669545925373827,-0.21243562688169357
0.0,0.07905177757337273,0.1056645438104486
0.0,-0.19822859135408252,-0.055951421245441654
0.0,-0.012911658596317002,0.21193462316722958
0.0,-0.018850815392243342,0.0718663923316488
0.0,-0.020225508932511283,-0.21286963539931858
0.0,-0.09398446795666895,0.0592934597768764
0.0,0.27805115278303427,0.1695584172627293
0.0,0.2403554242838264,0.02864430644889951
0.0,0.0615122894006231,-0.21967258382433508
0.0,-0.20767125311782655,-0.5310600699853221
0.0,-0.04228995666540003,-0.004947483091227889
0.0,0.07887573541402848,0.10793636375154231
0.0,0.0004585587056439959,0.44168870759353673
0.0,-0.1845150725882187,-0.11563889389197568
0.0,0.1256992051327544,0.37003111269429523
0.0,-0.0053145792129762285,0.40081465238105574
0.0,-0.00019411571046844614,0.10004547922061752
0.0,-0.07013279520496879,0.1859955262571314
0.0,0.28338698990991634,0.1940565719824796
0.0,0.1314211850028754,0.46914684882402724
0.0,0.13126942499654495,-0.1433924860389113
0.0,-0.0638178355915093,0.13322002785237472
0.0,0.02564156780446792,0.036826246147073485
0.0,0.1606061840370282,-0.03823950492459841
0.0,0.2526301896529054,0.1582968643111614
0.0,0.13180036277419496,-0.21157341079369762
0.0,0.16625189354089734,-0.13294657487358336
0.0,0.23659562582024074,-0.4061681629254401
0.0,-0.04189247367988748,-0.25576847270124703
0.0,-0.2176770771431832,0.19971541775120963
0.0,0.1591791290922772,-0.12167116764437863
0.0,-0.35374771505726105,-0.49613981605408763
0.0,0.20170628478682306,0.3447271516067797
0.0,0.040341568746493396,-0.031381401601836154
0.0,0.1727175661973342,0.2127717918491118
0.0,0.18636691480392276,0.08578259492787457
0.0,-0.02843408303661949,0.3254599553711542
0.0,-0.36766894785393994,0.17470930087207565
0.0,0.013866725911714355,-0.19364749404464085
0.0,-0.2711274006444072,0.2205994061318422
0.0,0.11664845940233316,-0.33853493224472225
0.0,-0.019949289342007404,0.06847986956532351
0.0,-0.10012931819755504,0.13209347957685133
0.0,0.32365945698719817,-0.04135598052172653
0.0,0.18978926104424287,0.08440066872411145
0.0,0.14749912485291752,-0.2936076173005378
0.0,0.01038656607020441,0.061550174885697834
0.0,-0.30810620448749027,0.018297072533137813
0.0,0.07097811378870549,0.0982381683691716
0.0,-0.020311362056691897,-0.02129147962092696
0.0,0.14915788035641503,0.0342237083480725
